,r1,r2,r3,r4,r5,r6,b1
0,28,17,23,2,3,11,14
1,26,14,7,10,19,17,14
2,21,16,26,1,8,6,14
3,20,15,14,8,32,27,4
4,17,26,4,10,31,22,1
5,31,16,9,18,30,5,2
6,29,9,25,4,17,1,12
7,25,21,33,27,29,19,16
8,30,32,9,10,3,2,16
9,15,23,8,12,9,21,1
10,26,30,22,21,27,20,7
11,23,4,11,32,2,9,7
12,20,33,17,19,6,1,4
13,17,8,6,33,3,10,10
14,22,29,19,4,13,17,6
15,32,20,17,12,26,3,2
16,4,22,18,28,12,9,15
17,14,7,6,23,9,32,3
18,11,2,15,8,31,7,13
19,22,23,14,30,17,3,14
20,22,16,33,7,10,29,15
21,7,20,24,5,4,2,12
22,33,30,10,7,4,14,3
23,21,33,29,13,25,23,3
24,6,1,2,22,4,27,6
25,7,11,29,33,1,24,4
26,1,21,9,27,13,31,14
27,4,26,22,18,17,12,8
28,24,9,1,8,2,14,3
29,1,6,32,7,3,13,2
30,30,10,5,15,13,8,10
31,7,17,2,16,22,23,6
32,18,7,22,5,28,21,13
33,21,9,30,5,26,29,7
34,30,8,6,22,31,19,10
35,4,18,23,27,32,20,1
36,7,3,20,16,15,1,10
37,31,23,14,29,32,7,9
38,4,24,23,11,5,26,11
39,24,31,28,3,12,33,4
40,6,23,19,3,22,30,4
41,24,22,26,13,17,16,2
42,8,11,29,22,30,17,13
43,9,2,6,30,17,18,13
44,16,20,25,17,8,13,10
45,11,14,4,32,30,3,2
46,5,13,26,1,19,30,11
47,17,11,21,14,2,15,2
48,7,4,9,20,30,32,15
49,19,26,8,21,22,10,2
50,11,19,25,16,5,4,16
51,16,20,31,14,11,22,5
52,11,8,14,21,15,22,6
53,10,20,13,33,30,25,16
54,15,9,8,21,31,20,15
55,18,22,2,10,21,32,14
56,10,31,17,13,1,21,14
57,2,18,15,23,14,8,5
58,16,12,21,6,10,19,13
59,14,19,17,26,7,12,7
60,15,23,6,31,4,5,12
61,10,16,7,14,30,4,14
62,15,17,20,3,32,7,13
63,3,1,30,12,8,9,5
64,13,12,9,11,16,32,1
65,33,31,23,2,12,32,12
66,22,28,6,15,16,1,5
67,8,22,31,19,33,25,13
68,20,29,19,9,1,5,14
69,26,1,4,24,8,20,6
70,24,27,29,16,25,7,6
71,25,29,24,11,32,23,7
72,25,13,15,19,32,27,2
73,16,30,31,13,29,27,8
74,13,22,1,20,28,29,7
75,31,5,4,22,13,20,11
76,21,26,11,18,22,31,15
77,11,19,32,16,26,24,12
78,27,3,10,8,24,5,8
79,24,13,8,20,30,5,6
80,2,22,6,17,16,27,10
81,26,12,10,23,33,13,11
82,8,15,2,3,18,29,1
83,17,10,8,5,27,11,10
84,21,1,5,28,27,12,3
85,25,17,32,14,33,21,12
86,29,7,28,32,4,18,5
87,19,16,24,28,25,9,11
88,6,27,22,28,11,4,15
89,10,32,29,13,22,25,4
90,15,3,33,5,32,31,9
91,5,32,14,6,21,29,4
92,25,17,28,7,32,33,12
93,22,2,16,6,7,21,5
94,25,23,31,5,15,22,12
95,4,3,5,26,8,15,9
96,9,12,11,10,5,17,9
97,26,20,25,19,29,18,10
98,26,2,1,23,30,31,8
99,26,30,23,32,10,3,11
100,24,18,25,5,33,30,6
101,18,22,1,29,19,16,6
102,20,3,26,28,4,10,10
103,1,26,5,30,28,7,13
104,28,29,32,12,7,9,1
105,18,28,19,23,16,11,3
106,33,20,17,18,23,11,12
107,25,22,11,26,4,13,4
108,25,31,14,7,1,28,16
109,17,27,31,32,2,4,13
110,27,5,28,31,8,25,7
111,5,26,8,10,4,1,2
112,22,26,19,27,28,24,13
113,2,33,30,31,10,26,2
114,14,8,12,6,27,30,7
115,20,11,13,5,31,8,16
116,13,27,1,17,16,14,1
117,11,13,1,19,17,7,7
118,2,28,14,9,24,10,13
119,7,12,21,11,17,10,11
120,8,23,24,13,3,22,15
121,32,1,28,6,11,16,10
122,19,27,28,33,15,3,7
123,23,18,22,27,15,24,8
124,30,2,25,9,32,18,8
125,29,19,2,10,18,32,9
126,22,18,28,14,27,9,13
127,28,10,8,9,31,33,4
128,9,7,16,24,8,10,7
129,16,1,24,2,17,11,5
130,29,15,2,18,8,30,7
131,3,1,9,30,7,15,12
132,14,27,18,32,16,11,12
133,19,24,20,30,11,26,13
134,5,27,30,28,18,19,1
135,16,17,5,11,29,30,10
136,9,18,32,14,13,5,9
137,20,18,1,23,33,21,6
138,24,23,19,14,6,28,14
139,21,5,13,28,6,27,16
140,9,12,8,14,31,24,9
141,8,24,21,13,6,26,8
142,31,21,6,12,17,19,15
143,11,3,33,20,9,27,7
144,27,9,13,22,3,1,6
145,31,7,9,22,12,13,15
146,13,24,6,8,14,15,12
147,20,29,21,11,23,33,11
148,23,18,21,12,17,3,14
149,6,2,26,7,21,18,5
150,32,26,28,10,27,9,4
151,15,17,10,32,16,19,8
152,13,33,23,10,20,5,14
153,22,15,24,30,2,13,1
154,20,16,9,8,28,27,15
155,20,11,2,17,5,13,6
156,21,28,30,13,14,15,6
157,28,12,30,29,27,25,12
158,9,26,22,24,20,19,11
159,2,6,29,23,30,10,11
160,1,14,9,7,17,19,2
161,4,18,23,16,24,2,10
162,23,22,2,1,18,31,2
163,23,1,20,29,16,4,1
164,25,20,30,7,16,27,4
165,25,1,7,15,26,13,15
166,27,3,11,8,15,21,10
167,32,25,22,26,23,19,14
168,3,14,23,7,10,12,2
169,9,19,7,33,23,1,7
170,33,5,15,18,9,19,2
171,6,5,10,24,2,27,13
172,25,21,3,27,28,6,3
173,10,4,24,31,11,26,13
174,7,23,28,33,4,11,7
175,13,1,22,9,5,32,11
176,21,4,6,11,26,29,10
177,33,13,20,19,14,1,6
178,23,12,5,25,31,32,14
179,9,5,11,13,14,22,15
180,33,13,4,2,19,16,11
181,8,23,22,6,16,26,11
182,32,27,21,19,4,1,14
183,3,12,26,30,19,17,14
184,27,23,30,8,6,25,8
185,30,9,4,15,24,8,10
186,4,19,10,24,27,13,8
187,33,15,18,25,14,28,16
188,26,3,31,18,1,13,10
189,5,30,13,31,10,32,7
190,18,33,9,13,16,19,7
191,1,28,24,14,21,33,14
192,13,18,20,3,11,9,11
193,5,16,33,19,32,7,8
194,15,14,19,16,29,24,4
195,17,2,3,11,30,5,9
196,33,11,9,12,29,15,16
197,16,28,18,20,15,5,14
198,11,32,8,22,7,20,6
199,15,31,25,4,2,27,8
200,31,3,30,7,11,32,5
201,31,20,21,5,29,11,8
202,7,18,20,21,4,16,6
203,16,8,18,19,17,15,2
204,33,7,2,19,24,31,7
205,14,30,27,22,32,1,11
206,22,10,11,19,31,13,16
207,29,23,5,11,13,22,16
208,17,27,1,12,21,4,16
209,27,5,10,25,7,21,13
210,21,29,7,19,25,20,11
211,3,32,10,27,7,30,16
212,19,8,17,24,13,28,10
213,13,25,4,9,27,10,11
214,12,26,20,16,15,29,12
215,23,32,18,12,33,5,9
216,27,20,8,3,32,7,5
217,10,26,31,1,16,2,5
218,1,26,15,6,23,19,6
219,24,29,25,2,19,5,11
220,27,16,17,33,4,24,15
221,24,22,21,5,18,16,14
222,26,31,5,14,32,12,6
223,25,5,9,15,23,7,15
224,24,16,32,18,26,33,9
225,10,14,31,15,9,33,15
226,32,18,13,19,9,14,8
227,9,7,15,19,5,18,2
228,29,12,26,16,30,4,3
229,30,18,1,14,13,11,1
230,18,23,33,21,19,3,15
231,30,6,9,13,23,19,2
232,17,14,29,20,7,30,7
233,1,24,10,18,26,4,7
234,29,26,16,19,22,30,11
235,13,1,31,32,19,2,15
236,23,18,17,6,11,3,15
237,26,24,13,14,18,23,12
238,23,9,24,25,27,1,13
239,2,23,9,20,29,10,8
240,14,6,11,30,21,20,14
241,19,9,7,10,26,31,3
242,32,4,15,26,25,5,12
243,32,30,20,25,33,28,16
244,22,25,10,29,1,30,9
245,27,14,21,7,24,29,3
246,23,13,1,30,2,11,1
247,28,1,11,30,20,22,4
248,11,28,18,29,20,31,6
249,2,20,24,31,9,5,6
250,2,32,28,30,22,8,16
251,4,26,19,20,18,13,6
252,10,1,20,29,28,33,14
253,22,31,18,16,15,14,10
254,26,24,9,7,33,2,12
255,33,19,31,24,15,28,8
256,24,2,6,27,23,16,12
257,6,24,31,27,11,16,11
258,10,2,24,1,23,3,4
259,24,26,33,14,7,28,1
260,17,10,28,11,18,1,11
261,26,27,17,30,11,14,11
262,5,33,32,29,3,19,7
263,18,29,9,11,8,28,4
264,33,16,5,8,20,11,10
265,10,4,7,20,1,3,15
266,14,16,6,2,28,20,12
267,30,25,1,26,3,27,8
268,15,10,28,8,4,25,16
269,24,10,31,3,5,7,3
270,16,15,19,28,14,27,16
271,3,30,14,27,6,16,8
272,2,19,14,24,4,30,11
273,21,8,18,16,31,26,5
274,11,6,21,14,13,2,11
275,13,31,8,24,27,17,1
276,3,33,11,21,6,12,9
277,17,18,28,19,10,11,2
278,11,12,8,30,17,6,8
279,13,32,18,25,33,12,2
280,8,3,23,10,19,4,3
281,32,21,16,28,33,23,4
282,6,11,33,3,10,7,16
283,28,7,8,19,31,32,11
284,9,16,18,3,27,2,10
285,31,4,22,13,18,29,2
286,7,21,26,19,12,24,2
287,24,27,29,22,8,1,2
288,26,27,32,16,19,33,4
289,27,22,28,3,18,1,11
290,17,5,29,7,23,32,4
291,2,25,32,11,18,33,1
292,33,30,1,32,10,23,7
293,22,14,32,10,1,4,4
294,13,32,6,27,25,10,13
295,29,3,7,24,6,23,2
296,25,13,1,8,12,7,10
297,21,33,31,19,23,10,15
298,8,4,33,17,7,27,14
299,2,4,20,27,5,6,12
300,9,25,12,14,20,24,7
301,32,16,27,11,5,3,4
302,33,4,7,5,22,1,12
303,30,18,9,1,5,27,13
304,27,3,18,13,7,22,2
305,12,29,9,23,31,18,6
306,10,19,12,18,22,3,15
307,9,33,24,23,11,12,11
308,7,18,32,1,17,14,2
309,25,8,21,14,3,31,16
310,5,8,16,14,17,26,7
311,32,15,31,16,21,8,2
312,20,8,30,24,2,5,6
313,27,26,32,23,2,29,9
314,33,13,14,11,32,26,11
315,26,12,9,22,32,16,10
316,20,14,21,8,22,6,4
317,12,6,1,3,22,20,6
318,31,29,17,3,6,24,5
319,4,30,5,15,33,27,7
320,7,17,26,10,28,29,16
321,19,2,16,33,9,30,2
322,23,18,2,26,29,31,8
323,30,8,26,17,5,7,13
324,5,22,10,25,7,1,6
325,10,28,5,29,11,9,12
326,27,16,13,18,17,2,7
327,12,9,10,5,24,19,7
328,23,24,2,10,6,14,7
329,7,11,28,1,20,25,16
330,9,26,23,33,11,17,8
331,23,11,26,18,30,7,2
332,14,24,30,13,12,33,1
333,7,22,29,18,6,9,1
334,18,7,27,20,28,10,2
335,1,4,19,5,13,25,9
336,33,19,5,29,24,13,13
337,29,3,16,26,6,15,16
338,3,30,25,27,7,28,5
339,26,5,24,29,22,11,6
340,21,1,20,2,10,19,2
341,2,17,6,11,8,31,12
342,2,1,29,18,8,21,15
343,1,33,24,30,16,31,6
344,27,22,20,5,10,16,11
345,8,21,19,33,23,24,14
346,7,27,4,10,13,32,4
347,5,21,31,32,2,22,15
348,25,32,27,18,13,19,1
349,9,31,22,18,20,26,13
350,27,31,24,11,5,12,15
351,21,25,4,26,30,18,4
352,3,13,31,14,29,20,9
353,23,26,22,32,13,33,9
354,18,17,20,8,7,15,11
355,19,4,26,27,14,29,4
356,29,24,16,30,25,31,7
357,30,4,23,18,11,7,15
358,12,13,2,24,9,17,9
359,8,28,9,29,16,32,2
360,22,19,9,14,4,31,11
361,5,3,4,16,28,32,11
362,11,24,30,20,17,25,10
363,5,4,23,17,2,18,16
364,26,9,19,10,27,24,7
365,7,17,30,22,12,19,13
366,32,20,5,11,9,1,16
367,12,19,3,33,24,31,3
368,18,15,19,25,23,6,15
369,31,26,16,7,32,10,15
370,31,23,7,33,9,12,10
371,21,3,5,11,2,14,1
372,25,26,32,9,30,17,9
373,16,13,20,11,32,30,16
374,27,25,5,24,7,1,15
375,19,8,6,25,29,21,15
376,9,22,23,3,25,24,3
377,31,10,14,27,18,4,7
378,16,23,32,1,26,22,9
379,4,8,1,26,28,5,1
380,26,19,5,28,15,22,8
381,28,22,19,6,20,33,4
382,25,26,2,22,6,15,14
383,25,15,16,9,22,31,5
384,22,26,19,13,10,21,14
385,8,13,3,28,26,5,13
386,6,22,2,8,9,4,13
387,8,24,32,12,29,30,14
388,10,12,9,14,24,33,13
389,26,3,18,27,31,15,6
390,27,13,25,29,24,5,6
391,22,16,30,32,9,29,16
392,20,27,10,18,19,9,16
393,11,22,29,24,6,2,14
394,15,18,32,17,13,3,9
395,14,2,9,25,27,31,6
396,23,11,4,7,12,18,3
397,13,2,23,1,33,26,5
398,20,31,18,30,28,4,9
399,2,21,1,26,7,5,12
400,13,22,2,19,17,23,9
401,12,9,21,7,8,30,11
402,22,30,23,11,9,2,11
403,5,14,9,11,32,27,3
404,19,33,25,1,22,8,10
405,26,31,22,7,32,4,4
406,2,22,13,6,11,19,10
407,21,31,18,20,24,32,10
408,1,13,22,29,18,25,10
409,12,21,6,19,5,33,6
410,16,26,31,8,3,15,8
411,11,27,12,16,15,2,3
412,5,19,23,31,24,9,15
413,16,31,23,25,30,8,1
414,24,17,20,32,4,22,4
415,11,22,18,21,15,6,9
416,27,28,5,8,30,2,7
417,28,22,15,19,31,20,14
418,9,3,18,10,31,5,13
419,13,19,17,26,5,18,11
420,31,2,32,20,5,23,14
421,17,7,33,21,1,11,11
422,5,18,1,4,3,2,7
423,22,30,12,19,16,32,11
424,26,23,28,11,13,2,9
425,23,21,20,13,6,33,6
426,25,1,31,9,16,13,3
427,10,29,19,31,24,21,7
428,18,7,19,29,26,11,11
429,3,28,24,5,16,25,14
430,11,25,28,30,16,24,7
431,9,3,23,11,27,10,16
432,15,2,5,24,12,25,6
433,4,6,16,3,21,31,10
434,24,29,5,18,10,22,6
435,33,12,9,22,4,2,2
436,25,3,27,23,13,6,4
437,24,25,33,4,19,1,3
438,1,17,13,21,23,18,13
439,24,8,15,2,7,10,11
440,8,16,7,28,14,23,8
441,28,29,10,2,11,26,15
442,14,26,22,21,10,24,6
443,31,25,19,18,27,24,3
444,17,5,30,24,18,1,8
445,27,22,20,28,19,17,5
446,17,15,23,32,21,11,10
447,9,33,29,25,26,5,10
448,9,33,6,14,17,23,3
449,33,18,20,19,2,14,16
450,31,29,5,8,2,1,16
451,22,21,24,9,11,26,8
452,12,4,32,27,13,1,5
453,24,6,17,16,18,23,1
454,22,19,4,2,9,3,8
455,5,33,26,15,23,2,4
456,33,21,12,13,3,20,7
457,7,15,22,12,14,33,14
458,16,9,20,10,27,2,11
459,30,1,32,14,12,18,15
460,31,20,32,24,22,16,13
461,30,29,15,18,25,31,6
462,23,32,14,20,21,25,11
463,18,1,29,7,27,20,8
464,24,33,10,30,23,8,1
465,21,4,29,28,23,11,2
466,4,10,9,2,25,1,8
467,22,19,11,7,29,5,16
468,12,3,4,29,30,32,6
469,4,7,6,10,19,24,14
470,31,10,6,23,17,5,10
471,31,27,22,10,2,26,11
472,12,10,4,1,28,33,13
473,26,11,2,33,24,15,10
474,4,17,33,12,23,6,1
475,18,3,26,1,29,16,1
476,20,29,25,33,9,26,5
477,13,1,19,25,12,28,8
478,19,4,14,22,3,23,6
479,7,24,21,10,25,8,14
480,24,21,4,5,6,33,11
481,8,9,2,12,13,16,10
482,17,21,16,22,13,9,9
483,6,12,16,22,10,5,3
484,26,16,10,1,2,6,14
485,7,2,4,28,1,9,10
486,29,28,16,11,27,20,14
487,25,4,28,13,24,30,5
488,32,26,9,24,33,27,4
489,25,7,22,1,31,29,4
490,20,26,27,22,14,2,5
491,11,14,18,10,26,24,16
492,22,32,11,8,23,5,14
493,1,3,19,18,11,14,1
494,32,23,6,26,18,21,7
495,8,30,33,10,24,29,16
496,3,25,8,27,23,15,1
497,17,20,3,32,19,7,16
498,30,16,12,14,21,9,1
499,22,13,11,27,10,30,7
500,10,31,11,33,21,14,10
501,12,4,30,3,20,26,9
502,29,26,31,4,7,19,5
503,13,4,25,24,22,20,5
504,15,33,18,6,16,30,13
505,30,9,26,1,23,10,16
506,18,10,7,15,21,20,4
507,17,13,12,20,26,32,15
508,23,24,30,4,15,6,14
509,19,7,14,8,1,9,5
510,10,27,2,25,17,12,11
511,11,24,16,23,27,20,14
512,2,1,5,7,25,29,8
513,17,8,4,18,20,6,10
514,14,27,9,4,1,18,14
515,28,15,4,22,19,30,10
516,8,14,33,26,15,11,16
517,28,11,6,12,33,24,4
518,19,33,16,14,20,9,15
519,21,22,12,24,2,10,5
520,16,5,2,8,12,10,10
521,25,20,13,15,33,27,9
522,20,4,14,16,19,17,14
523,12,28,24,21,31,2,9
524,7,19,10,16,28,23,6
525,22,16,27,18,7,31,8
526,18,26,8,25,10,31,4
527,9,13,29,33,19,4,2
528,28,8,1,31,26,14,3
529,2,11,9,7,24,25,5
530,15,8,21,33,26,13,3
531,22,13,1,25,15,21,3
532,9,31,17,23,33,32,15
533,27,13,9,26,14,10,2
534,33,11,25,15,32,5,16
535,17,32,2,21,16,33,6
536,20,8,17,12,5,30,15
537,8,10,27,12,4,30,10
538,24,33,3,14,10,6,4
539,19,8,5,17,13,1,1
540,24,7,12,3,19,33,11
541,4,16,18,23,6,22,2
542,21,22,26,7,19,30,4
543,13,11,30,25,31,3,9
544,32,21,18,6,2,33,8
545,4,20,14,6,2,28,5
546,10,20,15,18,29,27,7
547,22,2,24,21,33,13,1
548,31,25,9,32,22,20,15
549,21,23,17,15,30,29,3
550,21,13,11,7,16,10,2
551,20,13,12,6,29,33,9
552,20,24,4,29,19,21,13
553,25,9,7,33,16,23,15
554,31,10,11,29,16,6,11
555,22,11,19,14,12,25,10
556,2,17,11,28,9,33,2
557,13,18,31,11,22,7,10
558,19,21,5,27,7,23,4
559,29,13,8,11,20,24,5
560,14,21,11,29,24,27,10
561,4,6,28,17,10,23,4
562,4,6,22,30,28,12,13
563,21,8,17,29,26,25,15
564,4,1,6,17,27,33,13
565,30,14,32,15,16,5,11
566,5,32,18,6,16,17,11
567,24,22,19,23,33,21,6
568,28,32,19,5,1,7,16
569,7,6,20,11,33,12,11
570,29,5,15,30,6,13,11
571,10,23,27,22,17,8,7
572,28,1,30,11,8,21,16
573,23,24,20,11,33,15,1
574,10,29,27,28,19,33,1
575,21,25,11,1,26,29,15
576,30,27,11,6,16,26,16
577,23,10,17,24,29,21,14
578,24,17,6,1,29,9,1
579,3,31,18,32,6,11,8
580,17,1,24,20,18,12,14
581,9,2,27,26,5,25,15
582,11,5,7,16,32,30,4
583,19,31,29,10,11,12,8
584,22,16,26,28,24,32,16
585,30,21,13,32,11,2,6
586,5,19,31,15,3,22,4
587,21,1,28,9,5,12,2
588,9,6,22,3,12,7,1
589,1,29,9,24,26,11,4
590,15,1,32,25,12,28,8
591,26,28,9,6,15,27,1
592,16,3,17,33,2,11,11
593,32,30,7,26,22,29,14
594,12,30,18,11,10,33,10
595,1,24,33,29,18,17,10
596,5,23,24,9,6,7,8
597,2,26,5,13,32,23,4
598,18,19,23,10,27,28,2
599,32,22,1,9,25,28,3
600,10,23,29,5,33,12,11
601,10,16,25,13,7,17,5
602,22,21,13,28,16,29,14
603,13,14,4,11,9,31,4
604,18,22,13,29,12,31,15
605,2,24,30,20,16,9,16
606,24,33,31,27,26,7,3
607,18,6,30,13,19,5,7
608,11,28,31,29,18,33,7
609,7,4,17,31,32,10,5
610,2,7,13,31,4,33,4
611,12,17,5,23,33,20,8
612,4,2,13,18,30,26,7
613,13,29,27,11,10,2,7
614,26,27,1,13,29,5,16
615,11,18,21,12,7,16,11
616,28,15,16,11,26,30,7
617,5,33,7,8,6,1,11
618,10,22,12,11,7,31,4
619,15,5,30,29,9,23,4
620,23,19,2,25,20,6,6
621,19,23,25,10,8,5,8
622,1,21,14,31,33,2,7
623,25,27,9,4,18,28,15
624,23,4,17,3,33,8,16
625,22,6,2,8,7,19,11
626,29,20,9,33,11,24,16
627,15,4,25,13,12,6,11
628,33,30,7,19,28,29,7
629,18,1,23,26,14,16,15
630,16,14,29,5,7,12,1
631,6,28,21,10,27,16,13
632,6,26,5,15,4,22,4
633,6,17,2,26,5,10,10
634,8,10,7,24,32,22,6
635,22,23,31,29,12,9,6
636,27,6,17,30,32,24,2
637,21,20,19,29,27,30,15
638,21,20,26,24,7,11,15
639,30,18,8,6,16,24,16
640,20,24,19,16,31,21,3
641,23,21,16,4,3,14,14
642,16,26,29,9,15,30,7
643,32,27,23,16,15,7,13
644,28,2,3,16,7,11,11
645,6,17,14,29,13,7,7
646,21,22,6,31,14,30,16
647,27,15,16,4,24,2,15
648,23,29,6,4,14,1,16
649,16,17,26,28,20,10,10
650,6,32,22,3,27,4,5
651,20,10,22,28,14,33,5
652,28,5,21,2,32,23,8
653,32,21,13,11,17,4,4
654,22,12,2,7,15,20,15
655,30,24,33,3,17,9,1
656,11,16,21,19,5,20,10
657,9,20,33,16,28,21,16
658,27,25,18,7,17,6,10
659,9,4,26,31,2,11,5
660,7,19,5,2,31,25,14
661,24,6,23,27,28,7,2
662,22,24,13,4,10,7,1
663,31,26,2,24,7,30,7
664,18,9,14,29,30,12,14
665,27,18,8,21,29,15,16
666,5,17,29,15,10,19,7
667,12,2,9,4,14,22,1
668,1,28,8,20,25,4,16
669,5,8,11,7,6,10,13
670,8,6,14,16,26,15,3
671,32,3,18,22,21,19,8
672,21,11,13,20,33,23,13
673,23,29,18,24,13,21,10
674,4,12,26,5,9,10,14
675,27,25,11,13,31,20,5
676,24,4,11,1,13,9,13
677,8,17,20,21,22,32,12
678,9,23,1,26,5,10,1
679,21,9,25,4,1,10,13
680,33,13,15,5,20,7,13
681,9,20,4,10,25,3,2
682,11,29,6,21,3,9,15
683,29,17,26,21,6,2,12
684,15,22,33,11,9,3,11
685,16,32,33,3,29,18,15
686,3,25,10,5,29,21,1
687,7,21,16,1,4,2,2
688,12,33,32,5,27,24,10
689,9,28,7,15,25,4,5
690,12,21,23,18,27,32,9
691,19,15,4,27,7,17,10
692,16,30,17,3,15,32,5
693,28,6,7,3,26,16,13
694,9,7,14,21,18,29,10
695,5,7,15,14,31,20,3
696,2,14,10,30,3,12,1
697,16,12,3,18,6,17,11
698,1,5,22,2,19,29,4
699,10,28,9,4,25,29,2
700,20,27,11,22,28,31,12
701,29,32,7,12,31,6,8
702,29,15,6,31,30,7,9
703,20,30,25,10,23,16,16
704,7,8,9,31,21,4,5
705,15,31,10,33,9,12,3
706,27,26,6,8,32,31,13
707,28,26,14,2,13,31,14
708,14,11,33,28,18,22,2
709,30,13,12,22,8,2,13
710,13,6,23,2,30,20,3
711,7,29,33,17,23,31,3
712,12,13,30,29,2,15,2
713,16,19,7,26,32,2,15
714,28,17,13,26,19,12,3
715,12,13,22,5,21,4,3
716,10,25,5,20,33,17,13
717,24,6,27,13,19,3,1
718,22,6,31,4,24,13,5
719,19,23,3,2,15,13,8
720,15,27,31,22,12,32,8
721,25,9,1,26,13,17,12
722,23,5,32,29,24,11,7
723,21,23,27,26,2,14,12
724,28,33,6,11,26,29,13
725,2,11,21,28,10,17,7
726,26,32,22,20,31,8,12
727,5,1,29,3,15,22,9
728,30,25,9,22,5,20,4
729,16,2,23,20,1,29,7
730,3,30,17,6,23,19,7
731,29,16,23,30,31,1,2
732,24,30,13,14,3,12,8
733,5,10,17,7,29,21,1
734,20,5,17,8,2,21,5
735,2,11,22,9,30,7,16
736,2,11,29,28,26,16,12
737,25,6,1,14,5,31,2
738,28,25,22,33,17,15,9
739,1,15,14,17,3,26,12
740,25,22,8,32,1,33,11
741,13,1,20,6,23,11,3
742,17,22,27,26,25,13,4
743,33,6,16,25,8,29,5
744,31,28,30,14,5,22,6
745,30,9,25,29,3,33,7
746,1,13,20,5,29,25,2
747,22,17,21,11,13,16,1
748,7,3,27,13,30,33,12
749,10,11,12,4,26,7,8
750,24,18,1,9,16,25,1
751,7,10,20,1,13,6,9
752,26,20,16,32,24,19,8
753,10,16,18,2,26,4,12
754,27,22,13,3,4,9,13
755,5,6,14,18,17,19,4
756,1,2,16,20,9,23,15
757,29,28,6,4,24,17,1
758,27,18,16,6,30,24,15
759,9,28,30,29,2,22,13
760,24,11,3,18,33,8,8
761,27,12,21,11,7,32,1
762,32,17,30,26,19,13,6
763,24,7,22,20,26,11,15
764,7,22,4,23,3,19,10
765,23,6,21,14,17,11,1
766,20,25,1,14,32,12,8
767,15,26,29,5,16,17,3
768,23,30,8,16,4,6,12
769,16,17,28,21,20,2,14
770,12,22,18,17,4,24,6
771,22,5,12,7,14,23,13
772,12,10,24,11,21,28,16
773,18,5,21,9,10,6,13
774,32,22,8,28,21,14,16
775,16,10,7,1,25,30,10
776,21,14,23,24,19,15,5
777,14,11,17,6,19,27,11
778,18,14,19,33,12,6,4
779,6,12,18,14,23,10,1
780,14,13,29,16,24,1,9
781,6,31,28,33,13,15,6
782,21,16,31,10,24,12,6
783,2,7,28,3,18,5,15
784,16,18,25,3,22,10,3
785,1,9,23,3,2,6,11
786,19,30,27,32,25,14,11
787,27,14,2,8,33,15,5
788,8,5,6,25,27,1,5
789,7,20,25,2,17,26,3
790,3,30,18,21,23,27,12
791,31,14,23,33,18,32,12
792,9,6,5,16,12,20,9
793,8,6,27,28,30,19,1
794,21,27,32,25,10,24,12
795,28,30,29,25,13,24,3
796,26,28,15,30,6,7,3
797,22,2,17,4,1,6,12
798,27,28,10,3,21,4,9
799,17,21,27,13,3,31,11
800,13,9,11,7,26,30,5
801,8,23,11,18,15,10,3
802,8,21,6,31,32,22,11
803,19,11,25,7,26,9,13
804,28,24,25,1,2,9,8
805,12,1,30,15,13,24,3
806,26,28,21,8,29,32,4
807,29,8,12,14,17,4,9
808,23,2,20,22,21,1,2
809,17,12,8,7,30,10,14
810,15,17,8,28,32,22,10
811,13,2,10,31,20,21,14
812,33,10,25,2,32,18,4
813,14,28,6,31,17,20,14
814,7,2,33,24,4,26,3
815,17,6,3,21,29,33,5
816,3,11,6,31,12,26,3
817,33,13,15,8,32,5,16
818,19,28,2,31,14,22,9
819,33,16,10,1,15,5,13
820,32,28,20,23,16,4,15
821,23,5,29,28,18,11,10
822,3,22,6,13,18,10,7
823,17,29,15,23,11,33,1
824,24,5,12,28,6,16,13
825,26,21,9,3,30,20,4
826,27,23,9,32,12,22,4
827,9,20,3,19,21,14,13
828,19,22,32,30,18,8,10
829,7,9,12,1,22,3,9
830,8,7,28,30,16,13,8
831,26,7,1,21,9,33,13
832,21,11,17,32,3,4,2
833,28,3,32,16,7,14,16
834,26,17,33,6,23,28,12
835,2,9,21,11,6,32,13
836,16,33,22,11,12,13,10
837,32,7,31,29,2,11,2
838,13,28,11,24,1,12,11
839,19,8,16,10,27,33,9
840,2,7,26,10,22,20,9
841,20,33,24,13,28,31,10
842,26,23,5,8,22,16,12
843,20,8,19,32,11,28,3
844,1,21,32,22,14,26,6
845,28,14,17,33,22,4,3
846,20,10,2,21,15,8,3
847,11,7,9,10,20,29,9
848,33,24,17,13,9,25,7
849,17,16,5,14,21,30,14
850,16,9,13,8,4,2,7
851,1,30,5,31,17,12,7
852,25,7,29,6,12,28,4
853,24,20,28,26,5,31,1
854,26,27,8,24,31,9,12
855,5,1,26,18,13,10,5
856,2,10,25,9,4,19,4
857,32,13,8,5,31,19,4
858,17,27,9,29,21,13,14
859,2,13,27,12,17,16,6
860,29,11,14,30,19,10,4
861,4,9,29,33,3,12,2
862,23,26,33,20,3,27,11
863,30,27,17,16,29,22,1
864,13,11,27,9,30,7,2
865,14,6,17,15,5,27,5
866,29,28,8,20,13,33,5
867,15,14,7,24,18,8,3
868,2,17,13,12,30,8,10
869,32,7,33,17,8,14,2
870,3,5,22,26,13,18,12
871,29,21,17,4,10,7,14
872,25,16,3,30,6,7,7
873,22,6,7,5,8,4,6
874,27,23,12,24,22,2,2
875,30,29,18,25,31,22,16
876,6,25,16,1,4,9,9
877,9,19,20,25,30,14,3
878,23,19,15,20,29,1,16
879,5,26,28,2,11,24,1
880,3,19,21,6,25,16,6
881,1,5,15,9,32,2,11
882,11,12,27,33,32,21,11
883,3,7,2,13,28,1,10
884,16,19,12,13,31,11,10
885,14,7,31,6,8,13,14
886,12,22,26,30,6,17,10
887,14,29,24,23,1,33,1
888,3,1,19,17,29,14,3
889,30,26,31,2,29,3,16
890,26,14,13,32,29,18,4
891,6,25,30,20,9,2,16
892,8,16,23,3,24,5,11
893,20,28,26,29,22,9,7
894,21,8,1,29,22,4,14
895,10,15,23,7,12,6,5
896,15,8,3,23,19,9,13
897,8,31,32,21,30,17,5
898,18,27,7,1,23,25,8
899,13,18,24,22,16,20,7
900,20,8,9,22,31,4,10
901,18,23,19,11,2,32,3
902,1,6,26,22,19,7,7
903,22,18,1,27,4,10,12
904,22,6,18,24,17,19,5
905,9,10,21,5,18,17,2
906,20,3,5,6,15,12,9
907,4,8,28,19,29,22,12
908,18,16,2,9,6,17,12
909,6,33,12,21,8,15,8
910,32,27,15,17,25,16,3
911,21,11,7,19,2,22,11
912,8,4,24,29,13,14,1
913,27,24,10,1,12,30,9
914,25,16,21,13,4,31,2
915,32,7,1,17,30,20,13
916,29,6,14,21,33,4,12
917,24,18,29,25,1,2,8
918,4,30,21,20,7,15,4
919,17,7,25,30,15,24,7
920,26,8,22,32,18,31,15
921,24,14,25,30,2,22,12
922,28,22,29,14,5,24,1
923,9,29,10,13,31,33,15
924,31,11,19,9,8,5,8
925,6,11,30,12,24,8,7
926,18,14,21,19,20,11,9
927,6,33,27,16,7,20,11
928,7,27,16,13,9,20,6
929,23,18,16,1,26,17,8
930,26,27,12,11,7,30,16
931,22,1,25,10,8,17,15
932,21,11,13,32,22,1,4
933,4,31,11,2,1,17,12
934,33,30,28,6,11,13,6
935,14,7,4,1,24,31,10
936,14,11,1,6,25,8,5
937,17,32,23,7,12,5,8
938,8,16,24,6,11,17,2
939,33,14,17,1,10,21,7
940,24,31,18,10,23,32,2
941,15,3,12,32,20,31,7
942,23,15,4,26,7,19,4
943,22,4,20,24,29,28,10
944,11,7,8,21,30,26,3
945,18,24,31,20,10,19,15
946,16,18,29,3,2,6,11
947,21,1,2,9,4,10,7
948,15,7,25,22,1,32,3
949,26,24,17,29,2,5,5
950,32,24,13,21,28,9,7
951,2,25,29,31,7,15,6
952,28,15,16,7,6,25,12
953,31,30,17,8,26,27,10
954,3,23,31,15,9,6,5
955,5,14,25,13,32,29,3
956,24,18,22,14,26,23,1
957,20,19,15,12,22,4,5
958,18,27,14,23,4,32,15
959,24,3,32,1,13,9,1
960,33,8,28,12,31,14,1
961,14,3,16,12,10,33,7
962,33,29,8,11,14,1,15
963,23,19,8,18,31,16,7
964,11,25,15,29,12,24,1
965,30,5,25,29,3,14,6
966,22,30,32,18,19,23,8
967,6,33,19,18,14,1,13
968,2,31,22,11,32,29,4
969,12,14,13,5,24,16,4
970,15,9,28,19,27,7,8
971,28,22,5,2,19,9,7
972,13,12,9,31,32,4,10
973,27,13,21,22,18,31,12
974,28,21,6,2,10,17,2
975,1,21,33,20,3,8,6
976,30,4,31,13,5,22,11
977,33,3,6,10,1,16,2
978,12,7,2,22,17,10,2
979,16,6,9,13,8,3,6
980,24,28,32,11,1,22,1
981,1,2,22,4,18,27,2
982,20,25,2,13,21,12,16
983,13,31,1,14,24,22,8
984,10,27,7,31,21,23,15
985,7,8,1,13,19,25,2
986,33,11,7,25,1,20,9
987,12,18,31,17,27,10,2
988,27,5,18,4,12,30,6
989,24,10,14,32,9,7,13
990,6,29,11,25,12,14,5
991,9,6,14,27,4,30,7
992,31,25,23,1,15,24,12
993,19,11,9,7,5,31,4
994,11,16,23,26,20,1,5
995,7,24,2,1,25,27,6
996,18,19,2,30,14,11,15
997,9,24,13,16,8,14,9
998,13,10,7,6,16,20,3
999,15,13,25,19,14,32,14
1000,1,25,27,15,14,21,9
1001,15,9,6,8,25,7,6
1002,13,17,5,22,1,28,7
1003,30,5,14,1,29,31,8
1004,30,17,27,5,31,2,3
1005,29,10,17,23,16,8,6
1006,5,32,29,9,18,16,5
1007,15,32,17,25,13,22,11
1008,9,12,3,19,28,14,3
1009,20,1,29,12,11,8,6
1010,1,7,22,17,6,26,8
1011,21,16,31,3,7,10,13
1012,10,16,17,4,22,2,5
1013,11,5,19,18,32,7,3
1014,24,7,14,31,22,4,11
1015,19,8,3,1,28,14,3
1016,6,5,13,12,28,30,12
1017,1,21,17,19,25,6,10
1018,13,1,19,33,16,18,1
1019,28,4,25,6,22,12,13
1020,3,30,33,4,17,9,2
1021,29,11,21,20,6,8,14
1022,13,5,31,2,19,30,8
1023,13,12,2,9,10,26,2
1024,28,33,7,25,21,3,10
1025,30,4,8,32,31,10,2
1026,4,30,31,12,23,27,2
1027,33,18,19,31,29,1,15
1028,29,8,11,31,32,16,5
1029,19,12,24,30,21,27,12
1030,10,28,6,23,5,27,7
1031,4,28,13,29,1,18,2
1032,12,13,4,23,22,15,7
1033,4,11,8,13,15,26,5
1034,6,26,21,32,18,2,6
1035,26,15,7,16,5,19,8
1036,14,2,17,23,33,10,12
1037,22,30,23,16,9,6,4
1038,32,13,15,23,17,33,8
1039,24,1,22,14,15,5,15
1040,4,26,17,6,11,19,10
1041,26,6,8,4,25,21,1
1042,18,19,17,15,31,11,8
1043,26,5,31,19,32,33,15
1044,29,19,20,16,3,33,8
1045,27,22,13,29,23,14,3
1046,16,29,23,9,19,8,8
1047,19,4,27,21,31,17,6
1048,24,26,21,11,23,13,10
1049,9,11,22,26,21,28,7
1050,3,12,20,29,25,18,13
1051,12,8,26,9,14,15,15
1052,21,30,32,17,24,6,3
1053,8,30,7,22,23,24,11
1054,28,12,30,9,18,25,8
1055,15,24,25,6,14,19,11
1056,21,16,19,15,9,25,2
1057,1,25,11,5,17,26,3
1058,20,26,24,6,25,23,11
1059,1,23,14,8,22,10,6
1060,33,8,10,28,21,27,10
1061,15,16,7,27,20,10,1
1062,4,1,5,33,14,10,16
1063,3,4,19,1,15,12,6
1064,20,11,29,6,7,12,10
1065,1,2,22,3,14,5,14
1066,18,4,24,20,10,16,14
1067,6,16,5,1,3,25,15
1068,5,9,16,30,4,3,14
1069,11,26,27,8,28,4,3
1070,32,8,21,19,16,20,1
1071,3,24,30,28,25,21,14
1072,7,1,26,27,18,10,6
1073,23,5,8,12,15,32,11
1074,3,21,14,30,1,23,4
1075,6,22,18,19,30,14,11
1076,10,25,3,13,30,7,7
1077,14,24,5,26,7,11,11
1078,7,20,23,16,26,14,13
1079,6,25,19,32,2,28,11
1080,19,6,16,24,11,4,9
1081,28,5,2,12,29,31,2
1082,4,30,9,1,16,27,15
1083,5,29,31,1,3,13,8
1084,17,11,15,3,9,23,15
1085,2,8,26,25,18,19,2
1086,22,17,26,13,7,28,8
1087,2,19,15,29,8,12,6
1088,9,32,28,8,27,31,6
1089,10,2,9,21,27,14,15
1090,13,2,8,1,3,31,15
1091,23,4,2,26,30,7,11
1092,16,26,4,1,25,29,5
1093,10,32,33,23,30,15,8
1094,23,19,26,13,9,6,15
1095,33,2,14,9,3,31,1
1096,15,17,3,14,21,30,10
1097,31,11,13,19,24,6,16
1098,23,9,10,16,4,30,12
1099,23,12,19,10,16,9,8
1100,19,11,26,33,15,6,3
1101,19,2,20,16,17,30,4
1102,7,21,29,11,3,6,12
1103,1,29,18,28,16,32,2
1104,28,1,33,9,19,5,4
1105,30,33,1,8,27,4,14
1106,8,28,16,13,10,31,6
1107,27,31,3,23,9,29,9
1108,1,16,26,31,20,10,6
1109,8,3,19,16,7,21,14
1110,30,17,5,31,32,14,8
1111,33,20,16,30,23,32,7
1112,3,22,11,8,9,7,6
1113,9,32,31,25,2,27,3
1114,11,26,9,12,28,30,3
1115,20,21,19,32,18,33,16
1116,15,30,14,11,2,17,6
1117,5,15,8,9,4,14,1
1118,24,28,3,20,13,23,11
1119,18,26,29,10,20,3,15
1120,10,4,23,6,29,17,3
1121,24,12,10,18,33,9,8
1122,22,14,7,8,32,1,5
1123,1,29,25,5,28,15,11
1124,27,4,29,20,26,25,8
1125,20,3,18,31,26,15,12
1126,4,11,16,27,33,22,6
1127,5,1,31,30,29,16,7
1128,24,33,10,17,31,18,12
1129,3,16,8,21,30,5,13
1130,25,30,14,18,27,17,11
1131,8,26,20,29,5,15,13
1132,21,10,25,16,30,2,11
1133,5,12,21,11,3,4,4
1134,29,30,6,9,26,20,3
1135,33,30,21,1,24,14,6
1136,25,18,22,28,19,31,6
1137,14,12,8,30,10,31,2
1138,28,17,2,9,26,8,1
1139,19,16,25,3,27,11,12
1140,10,25,18,14,16,30,14
1141,12,15,10,28,6,19,11
1142,33,24,3,30,26,12,10
1143,15,5,7,1,33,8,14
1144,6,26,31,15,24,21,2
1145,4,10,19,5,21,3,10
1146,27,29,2,17,19,22,15
1147,11,3,2,28,29,16,10
1148,5,14,25,16,31,12,8
1149,1,17,21,24,27,6,16
1150,18,20,3,10,15,28,12
1151,14,13,5,23,9,15,16
1152,11,9,1,16,29,31,3
1153,25,26,30,20,24,12,10
1154,29,31,33,12,26,3,2
1155,25,6,4,8,24,7,9
1156,4,5,2,24,1,20,2
1157,3,5,15,33,26,6,12
1158,21,31,18,14,19,6,10
1159,24,21,4,15,6,32,13
1160,26,15,32,21,16,4,3
1161,4,29,8,9,5,10,13
1162,13,29,32,3,2,24,16
1163,1,26,31,32,22,3,4
1164,24,10,8,31,25,6,14
1165,13,2,21,30,10,33,8
1166,5,14,23,4,18,2,12
1167,2,8,26,6,10,17,14
1168,25,15,6,24,23,2,14
1169,11,13,33,16,21,30,1
1170,32,7,2,12,9,26,1
1171,27,16,14,20,32,7,13
1172,21,22,2,9,10,31,2
1173,29,31,33,19,2,15,9
1174,18,4,6,15,22,25,3
1175,18,19,24,8,27,12,15
1176,26,16,12,23,8,2,16
1177,33,13,10,14,26,12,8
1178,23,4,24,32,21,28,8
1179,21,33,19,6,28,30,1
1180,30,26,4,12,1,2,16
1181,31,26,5,10,32,2,16
1182,4,30,3,15,11,10,16
1183,5,7,22,32,23,4,16
1184,15,13,5,1,20,28,14
1185,20,2,31,21,6,17,7
1186,31,1,9,4,32,6,7
1187,3,21,27,6,25,4,4
1188,16,2,33,10,23,1,4
1189,24,30,4,1,18,32,11
1190,23,9,14,20,24,33,2
1191,13,6,8,28,18,3,12
1192,6,5,23,7,20,24,2
1193,5,15,22,1,26,28,5
1194,32,8,22,17,33,28,4
1195,20,22,29,6,16,5,13
1196,14,27,3,25,22,31,14
1197,17,14,28,32,33,1,8
1198,5,17,27,13,10,23,15
1199,6,20,7,3,4,11,5
1200,26,18,29,23,25,17,1
1201,3,32,2,6,18,15,10
1202,30,11,10,22,15,18,1
1203,13,33,15,3,24,10,12
1204,29,6,25,15,27,20,8
1205,25,29,28,5,18,26,15
1206,33,8,2,29,14,31,13
1207,16,33,10,18,7,1,5
1208,4,21,24,5,23,13,11
1209,1,10,17,22,14,23,14
1210,9,31,5,2,13,26,15
1211,2,4,27,9,22,13,2
1212,10,16,17,28,24,29,2
1213,32,27,26,24,13,9,11
1214,29,18,20,11,27,32,15
1215,8,24,28,11,16,33,12
1216,29,31,25,9,19,10,5
1217,2,16,31,33,7,14,11
1218,17,8,12,10,20,23,14
1219,30,19,3,9,24,13,16
1220,29,8,30,27,9,6,9
1221,19,12,7,8,14,33,11
1222,32,3,33,16,9,22,15
1223,7,9,5,2,18,26,13
1224,4,13,10,11,1,7,15
1225,5,14,27,8,20,32,14
1226,1,22,21,29,7,14,8
1227,16,14,28,20,13,8,6
1228,6,24,7,21,11,14,14
1229,30,19,25,33,1,11,1
1230,24,23,21,26,15,5,7
1231,25,33,3,17,6,7,9
1232,13,17,26,15,29,11,16
1233,10,3,2,27,12,1,16
1234,26,22,13,23,18,1,14
1235,33,16,7,28,24,8,9
1236,31,3,1,27,17,12,15
1237,22,15,20,2,28,23,8
1238,17,13,26,30,5,27,4
1239,19,15,30,24,20,12,13
1240,25,2,7,18,21,14,5
1241,19,18,10,15,12,9,4
1242,29,22,13,3,2,10,1
1243,25,9,15,2,23,28,15
1244,4,30,5,21,31,13,14
1245,21,32,5,28,3,29,4
1246,19,14,29,17,9,15,15
1247,19,8,2,12,9,28,1
1248,32,15,21,23,12,14,2
1249,23,3,1,6,2,29,1
1250,27,5,4,26,33,2,7
1251,29,7,21,31,30,18,10
1252,7,13,10,20,15,31,14
1253,11,3,30,18,7,32,7
1254,2,16,28,4,12,8,14
1255,29,25,7,9,27,12,13
1256,30,12,15,13,14,6,12
1257,8,2,11,22,14,9,7
1258,14,33,9,25,31,27,4
1259,1,9,16,12,24,27,6
1260,30,22,6,9,32,2,11
1261,6,17,14,16,29,4,1
1262,7,25,10,31,30,20,1
1263,23,9,14,13,28,4,15
1264,8,7,10,20,33,17,5
1265,12,20,29,5,9,32,15
1266,29,31,10,1,27,7,5
1267,30,25,32,8,4,11,8
1268,14,8,25,13,9,2,11
1269,4,12,20,11,26,5,13
1270,26,9,13,19,5,6,13
1271,9,5,14,16,11,32,4
1272,6,5,3,12,23,20,2
1273,21,22,14,15,16,24,1
1274,17,28,21,10,33,19,15
1275,30,22,3,13,1,11,13
1276,8,13,14,23,5,16,13
1277,21,32,24,27,7,1,4
1278,12,23,17,4,27,21,14
1279,26,10,3,13,18,8,15
1280,11,29,20,14,17,30,3
1281,14,13,17,12,32,24,9
1282,12,25,19,13,11,29,10
1283,31,33,18,26,15,25,11
1284,4,27,25,1,14,30,11
1285,12,11,9,3,25,13,15
1286,28,11,10,29,7,25,9
1287,9,19,18,10,27,32,2
1288,19,31,11,21,18,8,13
1289,29,14,27,26,24,33,13
1290,6,9,7,11,15,5,14
1291,30,13,3,25,15,28,4
1292,1,25,9,11,26,8,1
1293,29,27,32,20,33,28,9
1294,17,13,25,1,27,16,7
1295,15,7,6,28,1,12,16
1296,24,20,11,26,30,6,5
1297,11,31,28,4,5,23,4
1298,9,23,8,24,5,18,12
1299,3,17,13,4,27,22,11
1300,13,30,28,33,22,19,1
1301,9,6,11,3,10,20,9
1302,17,29,18,11,5,10,11
1303,4,8,21,24,19,31,1
1304,8,25,33,30,9,13,6
1305,24,4,22,9,29,7,15
1306,24,16,3,28,14,12,5
1307,28,11,14,1,5,32,10
1308,14,5,19,6,21,16,7
1309,4,9,15,28,13,27,8
1310,15,20,13,16,7,31,8
1311,3,28,27,14,33,20,13
1312,13,27,31,15,23,28,6
1313,6,21,32,30,10,19,1
1314,11,21,20,8,19,9,9
1315,5,20,21,29,19,8,8
1316,24,21,29,20,7,6,12
1317,15,3,32,29,12,18,6
1318,25,23,2,15,24,27,11
1319,27,29,18,17,6,11,13
1320,27,8,20,9,32,26,3
1321,22,12,3,28,26,30,9
1322,15,4,18,2,16,20,5
1323,1,24,27,30,15,31,10
1324,7,8,21,2,18,16,9
1325,5,7,9,4,21,16,2
1326,19,20,7,3,13,28,3
1327,30,9,19,1,28,22,3
1328,15,11,8,13,31,10,9
1329,25,24,27,23,8,21,7
1330,9,6,15,11,8,25,9
1331,25,15,28,7,30,12,5
1332,21,4,32,30,7,10,5
1333,17,32,28,8,29,4,12
1334,8,10,33,20,22,19,13
1335,8,9,23,26,2,7,16
1336,24,13,12,3,25,2,14
1337,25,2,4,26,18,19,11
1338,30,3,6,4,5,21,11
1339,11,18,6,21,12,27,13
1340,1,24,10,28,32,11,13
1341,33,6,24,4,20,13,15
1342,7,2,27,11,17,1,14
1343,31,23,17,29,19,30,11
1344,23,9,26,24,7,14,3
1345,2,23,24,10,12,32,11
1346,20,2,10,13,30,7,10
1347,25,12,6,20,31,16,1
1348,7,13,26,1,28,22,11
1349,11,25,31,27,26,15,10
1350,22,7,6,3,30,21,8
1351,3,32,28,30,33,8,1
1352,9,33,4,32,11,19,1
1353,2,23,4,30,7,8,14
1354,3,24,22,2,15,6,13
1355,25,3,30,13,6,17,5
1356,11,16,30,2,8,22,3
1357,25,17,27,4,24,8,11
1358,14,4,22,18,29,15,4
1359,31,4,22,20,25,21,2
1360,30,33,16,25,22,18,16
1361,4,9,7,8,28,18,10
1362,1,9,7,6,20,25,1
1363,19,11,25,24,33,18,15
1364,25,19,18,24,13,9,5
1365,10,27,15,5,24,18,4
1366,5,18,24,1,9,17,2
1367,15,1,32,28,29,30,15
1368,5,6,2,23,14,29,11
1369,22,20,1,18,15,6,13
1370,31,5,7,1,22,11,14
1371,21,16,1,10,5,3,1
1372,27,23,20,18,15,22,11
1373,29,23,16,24,17,32,1
1374,29,33,7,6,12,8,12
1375,32,15,33,14,11,4,1
1376,14,10,28,12,8,2,13
1377,10,1,24,8,18,16,2
1378,27,17,33,30,1,25,13
1379,12,20,10,21,2,11,15
1380,30,18,8,5,12,9,7
1381,33,3,26,15,19,14,9
1382,28,17,23,30,6,1,4
1383,33,24,22,9,2,18,5
1384,22,3,2,18,23,4,15
1385,7,26,32,15,29,17,10
1386,13,4,12,8,25,30,15
1387,32,4,16,6,27,8,14
1388,31,12,7,22,32,5,3
1389,23,33,16,14,15,3,12
1390,25,8,4,3,24,10,7
1391,28,11,17,2,12,26,14
1392,1,17,6,15,5,18,7
1393,29,11,8,21,5,7,7
1394,27,29,26,18,2,14,2
1395,5,33,15,21,2,8,16
1396,14,28,31,7,23,27,11
1397,20,2,7,12,19,33,4
1398,28,12,32,4,18,22,3
1399,9,14,4,12,17,20,11
1400,22,20,1,28,4,30,15
1401,14,7,1,25,15,9,4
1402,18,10,2,30,14,9,8
1403,4,14,1,17,3,28,13
1404,30,13,32,26,28,5,2
1405,27,17,5,15,10,28,2
1406,13,11,28,21,24,33,12
1407,28,4,32,26,5,12,6
1408,24,29,27,26,20,30,15
1409,30,26,7,10,29,2,5
1410,23,30,17,19,2,29,12
1411,12,14,26,23,33,31,14
1412,9,21,15,24,5,27,4
1413,18,19,27,7,17,25,1
1414,21,9,4,23,11,3,16
1415,29,32,3,12,16,25,11
1416,1,33,16,12,23,6,15
1417,23,7,32,14,24,17,4
1418,12,16,26,29,11,25,1
1419,1,13,9,26,29,8,15
1420,12,31,4,3,15,25,9
1421,2,12,4,5,9,29,6
1422,12,9,21,4,28,19,12
1423,31,3,32,4,5,23,8
1424,2,11,4,32,13,16,16
1425,6,26,18,25,31,24,2
1426,12,19,7,1,22,10,2
1427,25,20,19,3,18,28,6
1428,16,24,17,15,10,20,16
1429,19,5,23,18,16,32,13
1430,9,25,7,21,6,29,7
1431,31,33,8,2,7,15,14
1432,24,26,11,13,12,14,5
1433,9,22,31,3,11,32,12
1434,29,2,15,21,4,17,14
1435,32,33,27,3,7,9,14
1436,16,23,21,27,14,13,14
1437,23,25,2,21,24,11,7
1438,16,26,1,23,17,32,13
1439,16,11,18,29,12,26,13
1440,7,20,1,9,24,15,2
1441,2,27,9,28,22,4,6
1442,28,31,9,2,13,29,7
1443,31,8,30,27,20,19,13
1444,11,19,14,13,2,31,15
1445,21,33,17,19,30,15,1
1446,12,13,7,21,24,2,10
1447,31,17,30,14,2,5,9
1448,7,17,27,18,6,19,12
1449,32,21,23,11,4,33,15
1450,1,28,6,22,31,29,15
1451,29,11,16,1,2,20,10
1452,12,30,17,4,25,16,5
1453,11,31,21,10,26,25,10
1454,8,23,20,10,13,28,16
1455,19,25,10,3,6,26,14
1456,7,25,4,22,30,16,11
1457,11,27,22,29,23,21,4
1458,2,16,15,11,17,14,9
1459,7,2,3,21,12,22,7
1460,2,31,32,3,17,27,7
1461,17,3,16,31,27,29,15
1462,6,15,30,4,5,12,12
1463,18,10,12,14,16,9,12
1464,15,18,30,26,14,20,12
1465,20,6,1,3,18,14,10
1466,4,31,19,17,18,16,7
1467,26,1,25,30,14,7,9
1468,4,18,24,6,29,3,5
1469,6,16,25,23,7,32,12
1470,8,17,26,20,5,16,2
1471,6,32,9,1,29,7,13
1472,22,5,17,30,3,6,12
1473,26,29,14,16,20,25,16
1474,25,18,14,7,1,23,4
1475,26,4,15,22,25,1,16
1476,26,4,9,32,19,14,4
1477,20,17,27,18,14,16,13
1478,9,6,15,16,7,31,16
1479,14,1,21,24,25,8,8
1480,7,17,1,31,5,29,7
1481,23,30,27,1,24,16,13
1482,30,12,8,24,28,19,9
1483,12,32,18,11,16,30,8
1484,32,30,12,7,11,27,2
1485,29,19,11,12,2,21,8
1486,27,1,13,3,26,29,7
1487,3,22,4,26,27,30,16
1488,7,26,3,16,8,32,7
1489,28,27,21,19,2,32,3
1490,12,1,16,30,8,21,14
1491,21,31,10,16,24,23,15
1492,2,23,6,9,30,28,11
1493,19,2,28,17,32,3,4
1494,19,1,14,3,9,12,11
1495,13,24,7,30,25,1,6
1496,26,24,6,11,23,18,15
1497,21,2,23,29,22,27,7
1498,17,13,26,25,12,10,1
1499,33,6,26,8,13,17,3
1500,4,6,28,8,3,15,11
1501,1,9,27,16,26,28,15
1502,26,17,11,13,32,27,10
1503,12,29,21,5,31,3,10
1504,15,6,18,16,8,29,4
1505,20,23,22,33,14,11,2
1506,29,10,6,20,28,13,7
1507,5,8,21,6,7,29,16
1508,32,8,33,27,31,13,1
1509,28,33,11,4,1,23,16
1510,24,4,17,19,20,22,4
1511,19,13,2,28,15,3,4
1512,16,17,11,29,24,10,8
1513,10,29,6,11,20,9,13
1514,25,5,29,32,7,33,6
1515,32,21,1,24,28,30,2
1516,20,22,11,18,5,12,5
1517,16,1,12,22,23,31,11
1518,7,31,21,11,22,24,9
1519,33,19,10,16,6,30,3
1520,19,1,20,7,24,32,3
1521,32,23,8,5,25,26,2
1522,30,28,17,14,24,22,10
1523,33,32,18,28,14,24,2
1524,12,24,15,10,14,3,7
1525,16,21,18,11,14,26,14
1526,29,6,9,27,32,4,16
1527,24,25,14,18,13,1,3
1528,3,33,8,32,11,10,11
1529,21,25,12,30,3,5,16
1530,28,31,18,21,12,33,8
1531,7,1,2,22,5,13,9
1532,30,33,31,18,5,24,13
1533,23,17,3,9,24,8,15
1534,4,29,20,15,22,19,15
1535,6,30,21,15,2,22,3
1536,11,14,20,3,15,17,10
1537,15,17,7,2,26,22,6
1538,4,8,30,10,16,7,4
1539,30,11,3,8,22,5,2
1540,14,33,11,4,20,7,9
1541,21,4,12,33,23,26,11
1542,21,11,23,25,2,8,15
1543,32,16,6,15,31,21,2
1544,20,7,32,24,11,23,11
1545,5,14,10,6,21,13,1
1546,11,12,13,6,32,4,14
1547,17,22,7,30,1,33,8
1548,14,10,5,15,32,21,14
1549,21,11,5,12,4,32,12
1550,25,19,5,26,10,12,5
1551,16,10,19,31,24,13,9
1552,20,2,1,5,14,23,14
1553,16,30,28,19,26,20,12
1554,10,9,7,1,18,14,10
1555,32,14,3,28,8,2,3
1556,16,11,1,2,14,21,16
1557,30,31,14,22,16,27,5
1558,31,1,16,17,25,14,14
1559,32,3,15,17,27,21,1
1560,7,24,1,29,30,5,10
1561,25,30,15,9,7,27,9
1562,8,18,3,2,9,31,3
1563,19,20,33,6,2,23,6
1564,20,2,17,27,23,9,11
1565,26,29,10,15,9,22,5
1566,8,16,9,32,19,26,10
1567,23,25,7,10,1,13,2
1568,25,27,3,28,21,17,14
1569,12,18,20,14,5,29,6
1570,6,33,17,20,32,27,12
1571,9,12,24,28,14,2,13
1572,7,21,18,20,14,22,1
1573,18,29,17,21,30,16,14
1574,32,12,5,23,11,10,5
1575,11,22,3,16,13,25,1
1576,10,30,21,24,26,5,9
1577,26,29,9,12,8,25,9
1578,32,8,12,33,14,31,15
1579,24,32,13,26,6,33,5
1580,17,28,6,27,4,2,5
1581,30,2,6,32,19,28,11
1582,28,21,6,16,24,9,10
1583,11,23,2,32,3,26,4
1584,24,16,5,26,28,33,2
1585,31,20,17,7,8,30,5
1586,29,14,8,16,7,19,1
1587,30,8,26,5,20,12,7
1588,18,1,31,19,11,25,16
1589,26,10,31,21,20,24,15
1590,18,4,25,32,31,3,11
1591,23,24,16,26,3,27,12
1592,31,10,8,12,6,7,3
1593,12,4,26,28,16,7,13
1594,26,3,29,22,31,7,4
1595,30,16,28,9,27,7,13
1596,19,10,11,20,8,22,4
1597,26,29,4,15,14,19,10
1598,20,13,26,25,8,19,6
1599,26,25,16,21,2,15,5
1600,5,31,16,22,4,28,16
1601,22,14,12,29,19,5,13
1602,17,29,2,24,32,16,2
1603,31,14,17,16,22,19,2
1604,23,4,12,14,22,1,12
1605,2,17,14,20,30,18,7
1606,25,24,2,6,12,26,8
1607,20,4,8,32,26,17,9
1608,25,22,13,30,1,2,1
1609,7,5,9,33,20,14,4
1610,32,24,33,2,7,12,14
1611,3,31,23,5,8,28,2
1612,26,14,29,12,32,31,2
1613,11,27,7,10,32,30,7
1614,1,16,4,11,17,25,4
1615,29,3,31,9,17,20,10
1616,20,15,18,14,13,2,2
1617,19,20,18,8,23,32,7
1618,22,25,21,9,7,14,9
1619,13,21,16,17,25,4,5
1620,7,28,29,30,8,4,2
1621,16,28,17,6,15,24,5
1622,11,25,24,14,31,8,16
1623,9,10,17,6,25,22,11
1624,31,26,7,6,14,3,14
1625,6,13,22,28,17,14,12
1626,22,21,8,27,28,1,4
1627,17,31,10,15,11,12,5
1628,9,14,16,7,4,11,13
1629,26,7,17,31,14,23,11
1630,19,22,33,18,13,10,15
1631,25,19,32,27,20,21,12
1632,28,8,2,4,15,11,2
1633,2,10,19,30,4,31,11
1634,18,17,32,23,28,21,7
1635,3,26,4,21,31,28,6
1636,9,8,24,3,4,15,10
1637,8,11,26,33,31,17,10
1638,26,1,29,13,33,24,14
1639,7,30,16,10,4,14,2
1640,27,26,4,9,10,33,8
1641,17,8,3,13,14,7,14
1642,33,9,12,29,14,13,11
1643,3,9,4,21,11,12,4
1644,10,17,11,33,2,8,11
1645,26,17,29,24,16,31,6
1646,23,17,31,19,18,22,9
1647,7,25,14,4,23,3,15
1648,4,33,10,3,32,29,13
1649,28,7,2,17,25,11,15
1650,31,17,26,33,3,5,11
1651,2,31,12,6,17,20,9
1652,10,2,4,9,7,16,10
1653,5,27,4,19,8,1,1
1654,30,9,22,24,1,8,6
1655,6,17,23,1,22,2,8
1656,33,29,23,20,12,7,6
1657,19,8,22,15,6,33,2
1658,29,17,24,16,8,1,12
1659,3,25,20,32,26,19,11
1660,32,10,11,9,24,12,1
1661,12,5,8,32,22,19,12
1662,8,10,1,25,22,30,4
1663,22,23,26,11,13,1,12
1664,3,21,26,24,31,12,13
1665,9,23,24,20,4,33,9
1666,1,12,3,28,22,7,1
1667,4,21,6,24,1,28,12
1668,17,29,32,30,2,28,3
1669,8,12,26,13,29,2,2
1670,27,4,33,7,21,26,15
1671,13,6,19,17,21,9,11
1672,1,9,12,27,24,32,13
1673,25,12,22,16,33,14,4
1674,4,16,14,27,17,23,16
1675,25,6,21,9,16,22,9
1676,18,30,28,2,13,26,1
1677,11,30,27,26,13,24,6
1678,24,16,5,11,4,30,15
1679,11,22,4,17,15,10,2
1680,8,31,15,16,10,28,14
1681,1,6,22,23,11,28,15
1682,4,15,1,10,2,20,16
1683,24,29,15,31,3,14,6
1684,23,17,15,1,13,4,6
1685,25,7,3,24,4,33,10
1686,6,11,30,28,19,21,12
1687,16,27,5,31,18,12,9
1688,11,30,17,2,9,6,7
1689,26,7,31,11,1,14,4
1690,1,26,29,17,2,5,12
1691,10,16,17,28,6,13,11
1692,15,9,18,33,6,3,8
1693,2,31,10,22,24,15,9
1694,24,25,1,10,13,2,12
1695,25,11,13,31,18,12,13
1696,4,30,2,11,26,16,3
1697,12,26,18,31,21,20,14
1698,22,24,27,12,30,13,10
1699,2,26,13,9,23,24,7
1700,6,24,25,30,11,4,1
1701,27,30,14,4,8,32,4
1702,20,5,11,9,16,13,16
1703,30,8,23,26,17,6,14
1704,8,7,2,16,19,20,11
1705,23,2,8,20,9,15,2
1706,4,17,7,16,6,10,8
1707,21,16,2,7,17,5,9
1708,26,3,14,25,22,16,9
1709,15,25,7,33,13,17,6
1710,1,3,20,6,12,18,3
1711,10,2,24,4,22,30,5
1712,22,30,4,16,9,2,5
1713,5,4,22,23,10,3,10
1714,29,16,2,15,8,4,12
1715,21,2,32,23,3,19,13
1716,2,7,1,20,18,6,7
1717,25,27,28,29,6,33,9
1718,23,25,31,22,9,5,16
1719,14,21,22,9,29,28,9
1720,28,12,33,10,7,21,10
1721,7,28,20,19,3,18,4
1722,7,29,27,24,15,21,3
1723,32,1,18,30,8,28,3
1724,17,22,1,7,19,30,14
1725,32,1,25,4,7,10,13
1726,3,29,33,5,16,26,1
1727,32,30,31,5,7,3,4
1728,17,11,26,10,14,27,14
1729,3,24,16,30,25,2,5
1730,15,19,8,7,33,22,15
1731,32,21,16,18,33,24,10
1732,33,24,9,16,6,28,1
1733,7,26,15,12,27,3,8
1734,30,11,15,14,29,19,3
1735,31,17,27,22,5,8,4
1736,21,11,27,12,5,2,12
1737,13,15,2,22,33,24,9
1738,31,12,27,20,5,14,7
1739,8,4,24,10,13,20,1
1740,20,9,14,15,31,29,1
1741,19,30,5,11,13,12,8
1742,4,5,17,32,15,24,1
1743,20,24,23,7,5,21,5
1744,21,15,23,3,9,32,2
1745,14,4,32,13,10,27,5
1746,24,10,14,30,13,28,2
1747,6,13,1,25,21,24,16
1748,6,8,26,22,11,4,14
1749,24,12,17,20,6,4,10
1750,17,24,6,11,7,2,5
1751,24,30,32,15,17,28,6
1752,5,1,3,19,16,27,13
1753,28,6,25,12,31,10,7
1754,14,28,15,10,18,32,8
1755,33,7,8,21,30,31,1
1756,29,10,23,32,6,7,6
1757,33,28,26,2,14,25,12
1758,18,21,9,12,26,31,1
1759,31,28,2,14,18,13,6
1760,23,28,27,20,25,7,5
1761,25,4,27,10,16,33,8
1762,6,18,19,15,11,8,7
1763,30,21,22,19,11,7,12
1764,1,31,33,29,2,27,3
1765,27,16,1,4,10,25,14
1766,32,30,13,16,12,4,6
1767,17,3,21,6,25,13,15
1768,1,8,10,28,27,12,3
1769,27,1,6,7,33,26,16
1770,3,20,24,7,25,9,3
1771,6,9,22,1,10,15,6
1772,8,7,14,15,16,11,12
1773,11,1,24,33,28,15,2
1774,20,10,9,21,19,11,7
1775,20,30,29,3,13,4,5
1776,30,5,21,14,22,29,15
1777,33,12,13,3,14,32,1
1778,21,18,27,22,17,1,8
1779,5,14,17,9,20,4,8
1780,6,17,23,15,19,28,5
1781,15,20,11,28,19,32,7
1782,27,28,25,5,6,3,10
1783,30,19,9,15,25,27,1
1784,8,33,30,14,5,24,8
1785,19,10,22,33,8,15,14
1786,2,18,26,33,21,24,6
1787,18,31,12,13,25,5,13
1788,27,15,9,28,2,16,2
1789,15,6,16,19,31,23,9
1790,29,2,9,28,18,11,16
1791,8,3,32,5,12,25,14
1792,18,29,13,19,22,23,14
1793,12,5,4,17,25,7,1
1794,16,15,6,3,28,8,16
1795,13,5,14,27,22,2,13
1796,20,3,6,16,5,9,8
1797,30,12,14,16,23,2,3
1798,14,11,22,7,21,23,6
1799,19,22,6,18,32,15,7
1800,2,15,29,25,19,23,5
1801,20,19,5,16,32,21,5
1802,1,14,20,31,12,9,9
1803,19,25,20,3,23,14,7
1804,5,15,6,1,11,24,11
1805,22,24,12,9,28,18,1
1806,24,8,9,16,10,25,1
1807,2,23,30,3,25,17,3
1808,19,32,14,24,27,31,4
1809,12,25,30,20,27,11,14
1810,25,8,31,23,12,3,11
1811,24,11,15,31,16,20,12
1812,1,9,2,27,12,25,15
1813,7,10,1,20,15,3,9
1814,28,17,12,20,22,18,2
1815,2,22,25,18,6,21,14
1816,17,9,13,16,24,21,2
1817,5,33,16,24,12,25,5
1818,26,8,21,4,25,6,11
1819,32,5,16,29,3,14,5
1820,19,14,24,31,6,9,13
1821,14,11,6,30,29,33,9
1822,23,24,22,31,27,14,6
1823,12,22,17,23,11,10,13
1824,25,31,20,14,17,13,7
1825,30,25,20,27,24,13,15
1826,29,17,19,26,23,4,10
1827,8,26,23,16,28,1,9
1828,11,31,25,2,8,30,14
1829,24,9,7,32,2,1,10
1830,19,29,11,25,20,10,15
1831,28,6,10,7,21,1,8
1832,15,27,20,28,5,9,3
1833,25,20,24,22,28,10,5
1834,15,8,2,16,1,27,7
1835,14,17,29,24,8,32,8
1836,13,15,8,4,10,2,9
1837,8,28,23,2,14,17,12
1838,30,32,9,20,24,3,16
1839,10,25,3,7,1,27,1
1840,28,15,2,14,6,32,12
1841,17,33,5,32,3,12,10
1842,8,24,17,33,25,19,9
1843,20,7,31,19,6,25,6
1844,29,33,8,27,5,28,10
1845,26,16,9,20,19,1,9
1846,2,27,14,6,31,7,15
1847,18,5,11,9,4,33,13
1848,3,23,13,9,25,17,9
1849,11,30,9,4,22,15,14
1850,1,23,29,12,16,18,13
1851,17,11,18,5,4,30,1
1852,15,7,6,22,8,5,12
1853,22,11,19,8,4,18,10
1854,12,22,5,11,9,25,12
1855,11,7,4,21,12,29,16
1856,3,4,11,1,16,23,11
1857,14,22,29,26,33,21,7
1858,30,33,22,16,11,23,13
1859,12,4,20,24,15,6,16
1860,25,15,9,20,30,2,3
1861,1,24,9,25,21,22,11
1862,4,31,16,19,13,33,12
1863,3,12,11,27,30,6,2
1864,13,9,24,26,32,21,15
1865,30,4,6,22,7,24,13
1866,24,22,6,26,18,25,2
1867,11,33,24,14,4,26,3
1868,19,13,2,14,26,1,5
1869,18,26,22,6,5,8,8
1870,24,9,17,7,27,21,3
1871,31,10,21,29,25,15,2
1872,3,11,24,31,13,14,13
1873,4,32,23,1,16,12,13
1874,7,33,13,28,26,30,2
1875,27,24,17,13,7,9,8
1876,8,13,10,21,18,24,8
1877,19,30,21,27,31,23,15
1878,9,25,33,14,21,19,10
1879,7,9,13,25,16,11,8
1880,12,1,15,13,3,20,4
1881,28,8,10,19,16,24,1
1882,4,31,3,1,9,27,12
1883,15,31,5,27,21,12,3
1884,17,31,16,10,12,1,8
1885,4,15,26,32,18,23,7
1886,5,21,6,32,19,18,4
1887,14,21,9,31,13,17,1
1888,1,5,23,20,24,26,10
1889,5,9,28,26,14,2,10
1890,24,31,11,3,20,27,12
1891,3,32,11,27,12,25,6
1892,26,12,14,30,23,11,6
1893,14,17,32,2,12,10,11
1894,27,21,15,16,33,7,8
1895,4,15,28,20,33,6,13
1896,12,21,30,7,23,14,15
1897,33,15,9,21,2,31,13
1898,24,19,22,7,21,10,10
1899,16,20,28,10,17,25,7
1900,18,11,5,29,26,12,5
1901,1,9,33,14,25,6,15
1902,21,2,22,20,30,5,9
1903,4,12,32,14,8,1,9
1904,15,3,4,26,6,28,9
1905,2,14,26,18,16,21,5
1906,33,9,21,16,5,2,13
1907,19,33,17,9,22,1,12
1908,22,7,31,18,25,23,1
1909,9,26,27,31,20,11,10
1910,24,6,12,28,30,4,4
1911,22,9,11,30,5,17,2
1912,31,22,30,12,26,13,11
1913,20,16,29,27,28,7,15
1914,2,20,6,29,1,19,16
1915,14,24,21,30,15,22,14
1916,9,32,21,15,28,24,9
1917,26,32,6,21,25,4,11
1918,32,18,30,26,6,19,9
1919,20,28,13,12,19,27,13
1920,7,22,14,10,24,20,7
1921,22,10,24,9,20,23,2
1922,9,33,26,30,8,5,2
1923,2,8,18,21,29,24,1
1924,33,2,18,5,20,19,7
1925,12,20,10,28,25,7,4
1926,6,31,13,2,17,10,3
1927,30,10,9,15,23,24,2
1928,6,2,10,20,9,25,12
1929,1,13,32,18,17,12,14
1930,24,25,26,18,27,23,8
1931,3,20,31,30,27,6,13
1932,23,27,28,3,15,2,10
1933,4,27,6,30,20,17,7
1934,25,15,7,1,29,30,16
1935,9,5,2,10,4,25,7
1936,27,5,11,4,8,20,9
1937,3,13,22,25,27,19,8
1938,7,2,3,33,26,28,3
1939,15,8,17,2,22,28,15
1940,21,8,33,24,17,2,11
1941,1,19,26,2,6,24,5
1942,21,15,23,9,27,18,9
1943,13,29,8,10,22,20,16
1944,30,15,11,4,1,17,3
1945,16,24,18,13,21,9,12
1946,5,31,29,4,16,30,16
1947,20,12,18,16,6,7,9
1948,24,29,23,9,27,2,1
1949,2,6,21,26,25,7,4
1950,23,13,15,8,24,1,14
1951,32,10,27,25,29,26,5
1952,5,29,4,27,22,25,12
1953,22,23,8,24,17,16,15
1954,25,5,19,24,26,3,12
1955,8,20,16,23,12,13,13
1956,2,10,11,24,15,14,14
1957,19,3,26,4,33,11,6
1958,13,4,20,33,21,7,14
1959,24,16,11,25,23,2,3
1960,25,28,29,15,4,5,3
1961,1,21,25,23,33,7,2
1962,30,13,23,14,24,9,15
1963,11,4,24,28,8,33,5
1964,23,6,3,25,28,33,11
1965,21,24,17,25,6,1,15
1966,15,24,6,1,17,26,5
1967,9,23,25,2,7,17,15
1968,20,31,24,30,14,2,9
1969,30,11,26,29,23,2,12
1970,24,6,25,7,12,8,12
1971,28,31,30,26,6,15,13
1972,10,1,9,13,32,11,1
1973,16,19,32,5,13,27,3
1974,6,16,28,30,4,10,13
1975,25,15,28,16,8,14,2
1976,2,33,1,23,26,5,10
1977,11,18,31,9,23,28,8
1978,9,28,3,29,20,32,11
1979,22,11,25,9,24,7,8
1980,8,30,28,24,23,33,11
1981,29,12,26,17,5,15,6
1982,14,25,9,13,30,11,12
1983,13,17,15,6,11,14,5
1984,28,18,25,13,6,31,5
1985,2,3,14,29,17,21,12
1986,18,23,28,31,25,26,6
1987,19,6,7,3,21,16,15
1988,8,20,16,17,28,24,12
1989,22,3,11,21,9,31,6
1990,25,26,31,17,13,4,10
1991,13,31,23,19,28,1,12
1992,15,2,20,17,13,31,5
1993,18,24,1,26,29,12,6
1994,7,26,9,3,25,24,12
1995,30,28,7,22,15,26,13
1996,3,15,12,9,24,5,11
1997,18,22,20,1,27,6,2
1998,26,6,31,11,24,3,6
1999,4,16,3,2,6,32,12
2000,19,6,13,8,2,28,8
2001,15,9,33,14,17,25,14
2002,5,17,6,22,32,27,15
2003,8,1,33,9,12,18,14
2004,21,25,11,10,26,30,7
2005,21,32,16,10,4,25,2
2006,2,12,25,32,3,14,15
2007,33,19,17,3,28,8,9
2008,15,9,4,12,17,14,10
2009,27,21,23,30,33,20,4
2010,32,5,26,28,14,15,9
2011,17,25,2,33,32,31,1
2012,25,17,7,10,8,1,13
2013,19,15,17,27,25,7,9
2014,17,2,24,15,20,3,16
2015,27,9,29,24,17,8,5
2016,23,17,7,18,22,33,2
2017,9,30,24,7,20,5,9
2018,1,27,30,26,10,17,13
2019,19,2,31,7,23,10,3
2020,5,25,24,14,18,30,8
2021,19,20,18,3,22,12,5
2022,4,22,30,21,1,18,12
2023,33,3,20,12,22,4,12
2024,30,7,2,1,11,12,2
2025,7,5,11,21,14,15,1
2026,31,4,15,33,6,28,15
2027,1,22,19,27,18,20,7
2028,5,21,23,1,4,33,14
2029,2,11,24,4,23,3,5
2030,2,17,4,22,12,11,9
2031,17,11,19,9,24,25,1
2032,3,17,15,23,14,22,8
2033,19,11,4,27,9,22,5
2034,15,19,6,33,14,3,2
2035,6,28,13,33,15,20,12
2036,17,25,28,23,14,9,13
2037,31,15,27,11,30,21,10
2038,19,23,22,20,18,29,10
2039,18,21,30,32,17,28,2
2040,32,27,2,16,23,1,9
2041,14,29,16,27,10,7,9
2042,23,9,1,31,2,18,14
2043,23,29,16,6,32,10,15
2044,22,3,23,27,13,32,14
2045,31,10,4,18,5,23,2
2046,22,28,20,11,32,12,8
2047,3,19,12,2,10,20,12
2048,4,2,14,24,16,20,16
2049,27,29,18,15,30,25,13
2050,1,30,6,5,14,31,11
2051,32,20,17,12,11,26,10
2052,5,32,30,9,14,24,12
2053,26,33,12,8,32,23,8
2054,10,3,27,20,30,33,10
2055,11,1,24,3,28,9,14
2056,6,16,18,26,9,13,11
2057,18,11,28,32,1,30,16
2058,25,1,23,11,21,33,14
2059,13,28,4,9,10,32,13
2060,27,28,25,15,2,29,9
2061,29,17,12,24,3,18,13
2062,6,27,29,12,14,23,15
2063,24,1,11,10,5,7,12
2064,5,8,33,15,1,25,12
2065,8,29,7,3,14,28,8
2066,2,15,7,24,8,10,2
2067,5,28,11,4,19,33,9
2068,23,24,21,6,4,28,13
2069,31,27,16,1,29,7,16
2070,16,13,27,22,31,3,16
2071,19,18,29,10,22,25,6
2072,18,9,28,3,4,7,11
2073,1,12,20,17,19,4,3
2074,26,17,28,23,33,3,6
2075,19,25,12,27,28,2,4
2076,4,15,23,27,33,32,1
2077,17,10,9,12,22,32,13
2078,32,5,24,14,6,4,4
2079,4,14,3,25,27,28,4
2080,26,4,24,19,1,25,5
2081,13,32,3,4,24,15,5
2082,7,16,4,25,6,21,13
2083,2,19,11,9,31,7,5
2084,20,23,19,18,31,4,5
2085,29,24,14,28,21,10,11
2086,20,16,4,14,6,18,14
2087,29,19,18,6,12,30,5
2088,21,24,4,28,29,9,11
2089,19,33,18,28,30,25,7
2090,17,25,11,8,10,22,4
2091,3,31,13,9,11,16,6
2092,10,8,17,1,20,4,3
2093,30,26,24,12,10,33,9
2094,18,17,20,2,28,19,2
2095,3,4,20,30,17,23,13
2096,32,20,28,8,29,22,15
2097,14,3,15,20,28,1,9
2098,14,4,12,2,9,23,7
2099,15,27,19,22,1,16,16
2100,27,18,33,25,16,31,5
2101,7,19,5,32,15,14,16
2102,7,6,15,2,22,12,14
2103,25,21,4,28,10,19,14
2104,3,22,17,1,18,24,10
2105,32,9,33,4,26,18,2
2106,3,23,12,9,10,27,16
2107,4,32,20,33,27,19,6
2108,8,17,14,32,27,25,1
2109,31,26,29,7,22,33,12
2110,24,17,1,3,4,18,7
2111,3,28,22,30,27,14,7
2112,12,18,29,1,25,21,16
2113,21,23,6,11,14,3,2
2114,29,30,24,5,10,21,10
2115,16,4,20,25,5,30,7
2116,10,18,25,7,5,3,2
2117,10,11,24,17,6,29,9
2118,15,13,18,4,33,5,9
2119,29,6,7,27,24,11,10
2120,27,2,30,5,31,23,6
2121,17,13,16,4,3,24,4
2122,12,29,7,16,21,13,7
2123,16,3,26,18,13,4,7
2124,27,21,12,31,9,24,11
2125,13,1,30,28,20,8,8
2126,1,32,29,3,5,27,11
2127,28,18,26,12,10,29,2
2128,22,28,5,23,31,9,2
2129,31,1,28,15,24,27,8
2130,31,18,5,6,25,21,3
2131,2,23,22,8,21,13,9
2132,32,5,29,18,14,4,5
2133,26,30,33,28,2,13,9
2134,30,27,8,3,17,5,3
2135,31,9,17,14,12,29,5
2136,9,24,15,32,22,17,10
2137,25,7,22,23,28,20,8
2138,6,20,8,9,26,30,5
2139,14,13,8,12,3,15,6
2140,21,6,29,14,2,26,6
2141,20,27,3,13,4,15,14
2142,7,26,15,1,13,2,12
2143,5,9,15,32,28,29,15
2144,28,3,33,32,30,11,2
2145,26,33,2,5,3,18,8
2146,27,8,4,28,10,16,2
2147,27,1,6,5,28,22,2
2148,31,9,7,17,18,1,7
2149,27,17,4,3,25,16,4
2150,23,29,13,18,5,6,10
2151,24,5,32,12,10,11,5
2152,4,6,12,9,8,25,2
2153,10,25,6,16,27,4,13
2154,23,21,9,16,12,15,13
2155,18,5,13,11,31,33,13
2156,17,7,8,22,31,16,7
2157,5,14,32,16,12,17,6
2158,14,16,10,21,25,7,11
2159,8,31,18,12,5,32,16
2160,10,14,6,19,5,8,1
2161,8,23,24,16,4,11,4
2162,3,1,2,14,22,24,12
2163,20,27,18,31,33,25,10
2164,30,6,7,20,14,24,1
2165,16,25,4,2,26,10,12
2166,16,7,11,10,3,14,5
2167,5,24,16,1,21,15,5
2168,18,22,3,13,2,28,10
2169,18,19,5,9,33,7,16
2170,28,2,6,24,27,11,3
2171,32,8,13,33,22,11,2
2172,30,9,12,19,8,18,16
2173,29,12,1,21,31,23,10
2174,11,20,6,9,18,17,13
2175,29,31,32,6,3,1,3
2176,17,11,7,2,26,31,8
2177,12,10,18,24,20,9,2
2178,19,32,24,27,9,30,6
2179,1,15,13,33,14,7,1
2180,15,21,28,10,18,23,7
2181,23,17,11,33,7,31,9
2182,3,22,13,4,17,15,10
2183,32,8,23,24,19,9,13
2184,24,18,27,9,33,8,15
2185,12,2,8,26,20,16,10
2186,30,26,3,21,23,22,8
2187,14,2,3,8,11,19,2
2188,32,13,14,20,11,33,11
2189,26,31,22,16,29,1,2
2190,16,20,12,33,30,7,3
2191,30,14,12,29,10,19,2
2192,22,25,15,21,10,24,10
2193,20,15,2,29,30,7,1
2194,31,6,20,1,11,24,5
2195,29,20,25,32,3,31,7
2196,2,11,23,15,31,26,2
2197,6,4,17,15,7,16,12
2198,22,20,32,27,9,7,2
2199,7,13,8,2,31,1,3
2200,29,4,14,19,5,11,3
2201,3,16,20,8,27,21,1
2202,2,31,10,20,9,29,13
2203,14,32,5,1,3,9,11
2204,25,20,12,11,10,5,16
2205,3,28,22,30,6,31,10
2206,1,24,33,32,26,25,15
2207,18,2,13,11,4,22,12
2208,5,6,7,11,26,17,8
2209,32,27,31,16,29,1,7
2210,23,4,31,27,1,7,14
2211,7,16,23,8,15,5,4
2212,6,17,31,13,28,9,11
2213,19,25,13,2,8,27,10
2214,18,10,28,21,17,9,10
2215,24,20,19,14,21,4,4
2216,25,32,20,10,13,3,10
2217,4,32,11,5,18,19,13
2218,18,11,12,2,6,4,16
2219,22,33,18,17,10,9,4
2220,19,28,24,3,30,15,14
2221,22,20,26,21,6,9,13
2222,26,2,10,19,12,1,13
2223,4,23,33,28,24,10,3
2224,32,9,12,21,6,22,1
2225,30,5,10,20,1,21,12
2226,18,3,7,31,4,12,1
2227,2,28,4,15,33,12,7
2228,1,12,10,30,5,16,5
2229,8,30,9,3,6,24,13
2230,18,9,20,23,22,2,9
2231,1,15,6,11,10,5,4
2232,13,26,2,15,8,33,3
2233,26,9,3,10,15,23,10
2234,26,24,1,8,10,23,2
2235,22,26,14,25,32,6,12
2236,1,5,9,24,23,29,6
2237,23,17,30,11,19,12,13
2238,8,11,18,13,31,20,7
2239,15,19,21,33,31,30,4
2240,10,6,15,3,23,30,2
2241,17,6,7,12,9,4,15
2242,29,26,11,9,17,1,6
2243,11,3,6,17,16,9,11
2244,25,19,17,32,8,7,7
2245,5,2,8,18,22,15,14
2246,18,15,16,3,8,23,5
2247,29,3,33,17,27,1,10
2248,9,2,14,10,6,18,9
2249,1,22,20,21,28,6,7
2250,12,1,23,29,18,28,1
2251,21,27,26,7,31,17,16
2252,31,6,24,9,26,22,13
2253,23,12,19,15,13,21,2
2254,30,7,10,9,23,2,14
2255,24,4,21,13,26,33,4
2256,30,10,12,27,14,32,9
2257,27,30,33,28,22,12,6
2258,18,1,32,4,33,20,14
2259,9,11,32,1,21,8,4
2260,29,12,25,2,15,3,7
2261,10,6,11,30,9,32,16
2262,30,3,17,7,9,13,12
2263,27,32,13,10,2,24,5
2264,8,28,3,9,31,5,2
2265,31,9,4,25,27,18,10
2266,30,20,29,11,28,27,9
2267,25,15,8,19,20,10,2
2268,11,9,19,8,6,27,13
2269,1,10,15,19,24,16,2
2270,30,11,10,24,5,7,7
2271,15,9,31,8,16,17,3
2272,6,9,14,4,31,15,14
2273,13,17,12,10,5,4,1
2274,13,2,9,17,18,32,9
2275,8,18,3,12,10,31,8
2276,31,8,16,23,32,10,2
2277,31,9,20,21,25,24,12
2278,20,25,7,13,22,18,1
2279,1,13,21,10,11,28,2
2280,17,29,32,31,33,21,8
2281,12,3,11,27,8,25,13
2282,2,25,4,11,17,19,1
2283,20,28,32,31,14,29,8
2284,1,23,7,20,27,21,16
2285,6,7,15,8,28,20,14
2286,2,9,25,13,26,32,9
2287,11,3,18,21,16,5,7
2288,21,18,14,33,8,17,15
2289,29,12,11,32,17,30,6
2290,2,33,31,24,1,15,11
2291,12,19,1,3,2,10,3
2292,31,30,20,14,21,25,4
2293,23,22,5,29,30,1,8
2294,27,16,13,7,3,33,12
2295,31,28,29,6,13,8,11
2296,14,32,18,7,17,21,15
2297,1,3,16,27,18,4,9
2298,30,13,18,23,27,28,5
2299,8,31,33,16,9,24,2
2300,7,11,24,3,28,2,5
2301,28,31,14,20,29,1,2
2302,3,10,25,8,30,14,8
2303,3,26,31,27,24,23,14
2304,14,13,27,18,3,30,16
2305,20,25,30,29,2,24,11
2306,22,25,20,7,19,1,6
2307,8,12,9,7,13,6,11
2308,24,10,2,21,26,3,8
2309,1,27,32,30,18,4,10
2310,8,28,2,13,22,10,8
2311,24,10,32,6,9,1,12
2312,4,31,22,21,7,25,16
2313,2,32,6,28,18,25,5
2314,21,28,2,5,8,30,11
2315,19,4,32,33,6,18,14
2316,33,1,6,23,15,5,8
2317,2,3,7,33,18,17,7
2318,30,28,20,21,33,2,1
2319,3,15,19,22,24,27,12
2320,20,26,4,22,24,25,7
2321,23,19,14,24,18,8,5
2322,17,28,8,3,16,33,5
2323,26,2,25,12,8,33,3
2324,28,15,18,25,22,2,11
2325,12,21,18,7,32,25,7
2326,11,29,18,14,16,25,9
2327,1,11,4,25,22,2,16
2328,32,19,7,16,20,31,8
2329,14,17,31,6,25,26,10
2330,22,1,33,24,13,31,7
2331,9,32,24,16,30,4,13
2332,27,8,6,11,15,17,15
2333,26,6,23,16,2,15,13
2334,26,12,20,29,10,15,13
2335,12,30,6,20,11,31,11
2336,10,28,17,15,18,27,10
2337,15,13,6,9,7,2,10
2338,27,25,18,17,29,5,1
2339,9,29,27,4,5,22,6
